{
  "Component.js.map": 1728422133315,
  "Component.js": 1728315328483,
  "manifest.json": 1728422133237,
  "ext/controller/Uploadpdf.js": 1728320673527,
  "Component-dbg.js": 1728315328483,
  "i18n/i18n.properties": 1728318541889,
  "ext/controller/Uploadpdf-dbg.js": 1728320673527,
  "ext/controller/Uploadpdf.js.map": 1728422133328,
  "Component-preload.js": 1728422133391,
  "Component-preload.js.map": 1728422133391,
  "ext/controller/Uploadpdf.fragment.xml": 1728320501362,
  "index.html": 1728315328487
}