{
  "ext/view/ViewPdfPage.controller.js": 1730283867947,
  "ext/controller/Viewpdf.js": 1730058451329,
  "i18n/i18n.properties": 1730064990878,
  "ext/controller/Uploadpdf.js": 1730150441403,
  "ext/controller/FileUploadDialog.js": 1730301515983,
  "manifest.json": 1730304001974,
  "Component.js": 1729530826671,
  "ext/controller/FileUploadDialog-dbg.js": 1730301515983,
  "ext/controller/FileUploadDialog.js.map": 1730304002148,
  "ext/view/ViewPdfPage-dbg.controller.js": 1730283867947,
  "ext/view/ViewPdfPage.controller.js.map": 1730304002143,
  "ext/controller/Uploadpdf-dbg.js": 1730150441403,
  "ext/controller/Uploadpdf.js.map": 1730304002165,
  "ext/controller/Viewpdf-dbg.js": 1730058451329,
  "ext/controller/Viewpdf.js.map": 1730304002143,
  "Component-dbg.js": 1729530826671,
  "Component.js.map": 1730304002144,
  "Component-preload.js": 1730304002284,
  "Component-preload.js.map": 1730304002284,
  "ext/controller/Viewpdf.fragment.xml": 1730064477241,
  "ext/controller/Uploadpdf.fragment.xml": 1730060624650,
  "ext/controller/FileUploadDialog.fragment.xml": 1730230852742,
  "ext/view/ViewPdfPage.view.xml": 1730283796759,
  "invoiceExample.pdf": 1730069090493,
  "index.html": 1729530826671
}