{
  "Component.js.map": 1728674952907,
  "manifest.json": 1728674952814,
  "ext/controller/Uploadpdf.js": 1728522229500,
  "Component.js": 1728439716597,
  "ext/controller/Uploadpdf-dbg.js": 1728522229500,
  "ext/controller/Uploadpdf.js.map": 1728674952919,
  "Component-dbg.js": 1728439716597,
  "i18n/i18n.properties": 1728439716597,
  "Component-preload.js": 1728674952992,
  "Component-preload.js.map": 1728674952992,
  "ext/controller/Uploadpdf.fragment.xml": 1728439716597,
  "index.html": 1728439716597
}