{
  "ext/controller/ExtractPdf.js.map": 1731130921784,
  "ext/controller/SalesorderObjectPageCustom.controller.js": 1730983564761,
  "ext/controller/Viewpdf.js": 1730983564761,
  "ext/controller/Uploadpdf.js": 1730983564761,
  "ext/view/ViewPdfPage.controller.js": 1730983564761,
  "ext/controller/FileUploadDialog.js": 1730983564761,
  "ext/controller/ExtractPdf.js": 1731122709680,
  "manifest.json": 1731130921652,
  "Component.js": 1730983564761,
  "ext/controller/ExtractPdf-dbg.js": 1731122709680,
  "i18n/i18n.properties": 1730983564761,
  "ext/controller/Viewpdf-dbg.js": 1730983564761,
  "ext/controller/Viewpdf.js.map": 1731130921778,
  "ext/controller/Uploadpdf-dbg.js": 1730983564761,
  "ext/controller/Uploadpdf.js.map": 1731130921782,
  "ext/view/ViewPdfPage-dbg.controller.js": 1730983564761,
  "ext/view/ViewPdfPage.controller.js.map": 1731130921815,
  "ext/controller/FileUploadDialog-dbg.js": 1730983564761,
  "ext/controller/FileUploadDialog.js.map": 1731130921809,
  "ext/controller/SalesorderObjectPageCustom-dbg.controller.js": 1730983564761,
  "ext/controller/SalesorderObjectPageCustom.controller.js.map": 1731130921786,
  "Component-dbg.js": 1730983564761,
  "Component.js.map": 1731130921786,
  "Component-preload.js": 1731130921896,
  "Component-preload.js.map": 1731130921896,
  "ext/view/ViewPdfPage.view.xml": 1730983564761,
  "ext/controller/Viewpdf.fragment.xml": 1730983564761,
  "ext/controller/Uploadpdf.fragment.xml": 1730983564761,
  "ext/controller/FileUploadDialog.fragment.xml": 1730983564761,
  "ext/controller/ExtractPdf.fragment.xml": 1730983564761,
  "index.html": 1730983564761
}